< 
blister,blister
blistered,blistered
bombardier,bombardier
bombardment,bombardment
bouillabaisse,bouillabaisse
bouillon,bouillon
breastplate,breastplate
breastweed,breastweed
breadboard,breadboard
breaded,breaded
boxcar,boxcar
boxed,boxed
broadcaster,broadcaster
calumniated,calumniated
calumniator,calumniator
cajoled,cajoled
cajolery,cajolery
candelabrum,candelabrum
carborundum,carborundum
catboat,catboat
catcall,catcall
chargeable,chargeable
charged,charged
ceremonial,ceremonial
ceremonially,ceremonially
ceremoniousnes,ceremoniousnes
centralization,centralization
civilized,civilized
civilly,civilly
clarify,clarify
circumstantiality,circumstantiality
clarinet,clarinet
coexecutor,coexecutor
commented,commented
collaborated,collaborated
comminuted,comminuted
commemorate,commemorate
commended,commended
collectivist,collectivist
collector,collector
compassionate,compassionate
complementary,complementary
concentrated,concentrated
congenial,congenial
congeniality,congeniality
congenital,congenital
conjunction,conjunction
congest,congest
conjunctive,conjunctive
consolidate,consolidate
congregated,congregated
connivance,connivance
congregation,congregation
connive,connive
conjectural,conjectural
conjecture,conjecture
conversational,conversational
contradistinction,contradistinction
contaminated,contaminated
conveyance,conveyance
conveyed,conveyed
contemplative,contemplative
convulse,convulse
convulsion,convulsion
cookbook,cookbook
corroborative,corroborative
corroboratory,corroboratory
coriander,coriander
coordinated,coordinated
counterottensive,counterottensive
countercheck,countercheck
cultivation,cultivation
cumbered,cumbered
cumbersome,cumbersome
deathblow,deathblow
deathless,deathless
daguerreotype,daguerreotype
Danish,Danish
dank,dank
damnation,damnation
damp,damp
deducted,deducted
deduction,deduction
declamatory,declamatory
decentralization,decentralization
demoralized,demoralized
delectability,delectability
demobilization,demobilization
demobilize,demobilize
deliverer,deliverer
delivery,delivery
democratic,democratic
democratization,democratization
denominational,denominational
demonstrate,demonstrate
demonstration,demonstration
demonstrative,demonstrative
demonstrator,demonstrator
demoralization,demoralization
depolarization,depolarization
deranged,deranged
derangement,derangement
dilapidated,dilapidated
differentiate,differentiate
differentiated,differentiated
devised,devised
devitalize,devitalize
devotion,devotion
devotional,devotional
diametrically,diametrically
diamond,diamond
develop,develop
developed,developed
disenchant,disenchant
disengage,disengage
discredited,discredited
discreditable,discreditable
diplomatically,diplomatically
disconnected,disconnected
discriminated,discriminated
dipsomantiac,dipsomantiac
discriminative,discriminative
discontinued,discontinued
discountenance,discountenance
disqualification,disqualification
distinctive,distinctive
distinctly,distinctly
disproportion,disproportion
disproportionate,disproportionate
drove,drove
drown,drown
edible,edible
edict,edict
embitter,embitter
embraced,embraced
embrasure,embrasure
embrocation,embrocation
embroider,embroider
engagement,engagement
engagingly,engagingly
encyclopedia,encyclopedia
enumerator,enumerator
established,established
epidermoid,epidermoid
exclusive,exclusive
excommunicate,excommunicate
excommunication,excommunication
evangelist,evangelist
evaporate,evaporate
exhilarated,exhilarated
experimentally,experimentally
exonerated,exonerated
extraterritoriality,extraterritoriality
festive,festive
fireproof,fireproof
fireside,fireside
flavored,flavored
flavorings,flavorings
flounderingly,flounderingly
foolproof,foolproof
foolscap,foolscap
footfall,footfall
footgear,footgear
fluctuated,fluctuated
fragility,fragility
fragment,fragment
galvanized,galvanized
galvanometer,galvanometer
herbicide,herbicide
herbivorous,herbivorous
hereby,hereby
hobgoblin,hobgoblin
hobnail,hobnail
humiliated,humiliated
hypochondriac,hypochondriac
idiosyncratic,idiosyncratic
impalpable,impalpable
impanel,impanel
immemoria,immemoria
illegibly,illegibly
impeccability,impeccability
illuminated,illuminated
impregnabilty,impregnabilty
imprompt,imprompt
inaccessibility,inaccessibility
impracticable,impracticable
impracticality,impracticality
incommensurable,incommensurable
incriminated,incriminated
incommensurate,incommensurate
incompatrble,incompatrble
incomprehensibility,incomprehensibility
incompressible,incompressible
inconceivable,inconceivable
incongruit,incongruit
indoctrinated,indoctrinated
industrialization,industrialization
indiscriminate,indiscriminate
ineffably,ineffably
indissoluble,indissoluble
infinitesimal,infinitesimal
ineffective,ineffective
inopportune,inopportune
inordinate,inordinate
inflexible,inflexible
inflict ,inflict 
insubordinatio,insubordinatio
intellectualism,intellectualism
institutionalize,institutionalize
intelligible,intelligible
instrumentality,instrumentality
intoxicated,intoxicated
intermarriage,intermarriage
intermarry,intermarry
intervertebral,intervertebral
interscholastic,interscholastic
interchange,interchange
interdenominational,interdenominational
invariable,invariable
invigorate,invigorate
inventiveness,inventiveness
inventor,inventor
irretraceable,irretraceable
invalidate,invalidate
irretrievable,irretrievable
judicative,judicative
lampblack,lampblack
laryngeal,laryngeal
laryngitis,laryngitis
latitudinarian,latitudinarian
legible,legible
liberalize,liberalize
liberalized,liberalized
levy,levy
lighthearted,lighthearted
lumbago,lumbago
lumber,lumber
maintainable,maintainable
magnolia,magnolia
maintenance,maintenance
malevole,malevole
maharaja,maharaja
maharani,maharani
maladjusted,maladjusted
magnetization,magnetization
mandibular,mandibular
mandolin,mandolin
managership,managership
mandamus,mandamus
metamorphosis,metamorphosis
microstructure,microstructure
ministerial,ministerial
misappropriate,misappropriate
misunderstand,misunderstand
miscalculated,miscalculated
monopolistically,monopolistically
monopolization,monopolization
monopolize,monopolize
monocular,monocular
molecular,molecular
morganatic,morganatic
multitudinous,multitudinous
murmurous,murmurous
neglected,neglected
noncooperation,noncooperation
Novocain,Novocain
noncommittal,noncommittal
nowadays,nowadays
objective,objective
oleomargarine,oleomargarine
olfactory,olfactory
ophthalmologist,ophthalmologist
originator,originator
oriole,oriole
parallelogram,parallelogram
paronomasia,paronomasia
parotid,parotid
passionate,passionate
perpendicularity,perpendicularity
philanthropical,philanthropical
phantasmagoria,phantasmagoria
Pharmaceutical,Pharmaceutical
pharmacology,pharmacology
pharmacopoeia,pharmacopoeia
phenomenology,phenomenology
plenipotentiary,plenipotentiary
playscript,playscript
plaything,plaything
polymerism,polymerism
pomegranate,pomegranate
postprandial,postprandial
predicted,predicted
predisclosure,predisclosure
predominant,predominant
predestinarian,predestinarian
predominate,predominate
prearrange,prearrange
prearrangement,prearrangement
predetermine,predetermine
precluded,precluded
preinaugural,preinaugural
preparatory,preparatory
preponderate,preponderate
prepossess,prepossess
preternatural,preternatural
principality,principality
prestidigitator,prestidigitator
printable,printable
printed,printed
promiscuousness,promiscuousness
profile,profile
profit,profit
protitably,protitably
profited,profited
profitless,profitless
profligacy,profligacy
profoundness,profoundness
profundity,profundity
procrastinate,procrastinate
promulgate,promulgate
proprietorial,proprietorial
protoplasm,protoplasm
prototype,prototype
psychogenetic,psychogenetic
psychologtcal,psychologtcal
quinquennial,quinquennial
rambler,rambler
rampage,rampage
rampant,rampant
reductible,reductible
reduction,reduction
redeemable,redeemable
redeemed,redeemed
redevelop,redevelop
redirect,redirect
redistribute,redistribute
redistribution,redistribution
reliable,reliable
reliant,reliant
regurgitate,regurgitate
regurgitated,regurgitated
relativism,relativism
relativity,relativity
relevance,relevance
relevancy,relevancy
representative,representative
represented,represented
republican,republican
republicanize,republicanize
reverberative,reverberative
returnable,returnable
returned,returned
reverberatory,reverberatory
revivifier,revivifier
reevivify,reevivify
sapphire,sapphire
sapper,sapper
selectivity,selectivity
selectman,selectman
seamanship,seamanship
seamed,seamed
self-consciousness,self-consciousness
self-contained,self-contained
self determined,self determined
self-educated,self-educated
self-examination,self-examination
self-registering,self-registering
self-reliance,self-reliance
server,server
signified,signified
signify,signify
silverware,silverware
silvery,silvery
slaved,slaved
slaver,slaver
slivered,slivered
slivery,slivery
snowstorm,snowstorm
somnambalism,somnambalism
spectacularly,spectacularly
statesmanlike,statesmanlike
static,static
steamboat,steamboat
steamed,steamed
stockholder,stockholder
stoneboat,stoneboat
stoned,stoned
straightforward,straightforward
straightforwardly,straightforwardly
straightforwardness,straightforwardness
stumbled,stumbled
stumblingly,stumblingly
subscribe,subscribe
subscribed,subscribed
submersible,submersible
supernaturalism,supernaturalism
supernaturalis,supernaturalis
surmounted,surmounted
supernormal,supernormal
susceptible,susceptible
superstratum,superstratum
superintendence,superintendence
superintendency,superintendency
syllabication,syllabication
syllabification,syllabification
sympathetically,sympathetically
tabulator,tabulator
tabernacle,tabernacle
tabernacled,tabernacled
symptom,symptom
symptomatic,symptomatic
telecommunication,telecommunication
tergiversate,tergiversate
terminologically,terminologically
terminology,terminology
thermometrical,thermometrical
thunderstruck,thunderstruck
tintinnabulation,tintinnabulation
tolerationism,tolerationism
totalitarianism,totalitarianism
transcendentalism,transcendentalism
transcendentalist,transcendentalist
triumvir,triumvir
triumvirate,triumvirate
tumultuousness,tumultuousness
typographer,typographer
typographic,typographic
ultralegality,ultralegality
ultramicroscope,ultramicroscope
ultramontane,ultramontane
uncomfortable,uncomfortable
unappeasable,unappeasable
unconventionally,unconventionally
unconverted,unconverted
uncommon,uncommon
unappropriated,unappropriated
uncatalogue,uncatalogue
unassimilated,unassimilated
undefeated,undefeated
undefended,undefended
uncounted,uncounted
unconstitutional,unconstitutional
uncontaminated,uncontaminated
uncontradictory,uncontradictory
uncontrollable,uncontrollable
uneducated,uneducated
undomesticated,undomesticated
underproduction,underproduction
unengraved,unengraved
undetermine,undetermine
unengrossed,unengrossed
underhandedness,underhandedness
undiminished,undiminished
unherald,unherald
unexplainable,unexplainable
unexplained,unexplained
unfed,unfed
unforetellable,unforetellable
unexpressible,unexpressible
unforfeited,unforfeited
ungarlanded,ungarlanded
ungerminated,ungerminated
unformalized,unformalized
unformed,unformed
ungloved,ungloved
ungodliness,ungodliness
unfamiliar,unfamiliar
unfarmed,unfarmed
unidentifiable,unidentifiable
unidentified,unidentified
unflinchingness,unflinchingness
unhooded,unhooded
ungratefulness,ungratefulness
unfatigueable,unfatigueable
ungrounded,ungrounded
unfatigued,unfatigued
unlamented,unlamented
unilluminating,unilluminating
unlawfulness,unlawfulness
unleaded,unleaded
unintentionally,unintentionally
unmovingly,unmovingly
unnamed,unnamed
unintimated,unintimated
unintimidate,unintimidate
unjust,unjust
unincorporated,unincorporated
uninvigorated,uninvigorated
uninhabitable,uninhabitable
uninhabited,uninhabited
uninstructed,uninstructed
unirradiated,unirradiated
unrepresentative,unrepresentative
unpack,unpack
unreclaimable,unreclaimable
unrecognized,unrecognized
unpublished,unpublished
unparliamentary,unparliamentary
unprejudiced,unprejudiced
unrefuted,unrefuted
unrighteous,unrighteous
unperforated,unperforated
unrighteously,unrighteously
unpresentable,unpresentable
unrightfully,unrightfully
unremuneratively,unremuneratively
unsentimental,unsentimental
untempted,untempted
unsophisticated,unsophisticated
ununderstandable,ununderstandable
unworkmanlike,unworkmanlike
upholsterer,upholsterer
vagabondism,vagabondism
vagabondize,vagabondize
vestibule,vestibule
vestige,vestige
vestigial,vestigial
vestment,vestment
ventriloquism,ventriloquism
vivacious,vivacious
watfle,watfle
waft,waft
wastebasket,wastebasket
wasted,wasted
workmanlike,workmanlike
writable,writable
write,write
as they can be,as they can be
as they cannot,as they cannot
they will be,they will be
they will be able,they will be able
they can be,they can be
they can have,they can have
we would be glad,we would be glad
we would have,we would have
we should be,we should be
we should be glad,we should be glad

